-- phpMyAdmin SQL Dump
-- version 4.1.14
-- http://www.phpmyadmin.net
--
-- Client :  127.0.0.1
-- Généré le :  Mar 10 Novembre 2015 à 08:32
-- Version du serveur :  5.6.17
-- Version de PHP :  5.5.12

SET SQL_MODE = "NO_AUTO_VALUE_ON_ZERO";
SET time_zone = "+00:00";


/*!40101 SET @OLD_CHARACTER_SET_CLIENT=@@CHARACTER_SET_CLIENT */;
/*!40101 SET @OLD_CHARACTER_SET_RESULTS=@@CHARACTER_SET_RESULTS */;
/*!40101 SET @OLD_COLLATION_CONNECTION=@@COLLATION_CONNECTION */;
/*!40101 SET NAMES utf8 */;

--
-- Base de données :  `inscriptions2015`
--

-- --------------------------------------------------------

--
-- Structure de la table `groupes`
--

CREATE TABLE IF NOT EXISTS `groupes` (
  `id` int(11) NOT NULL AUTO_INCREMENT,
  `capacite` int(11) unsigned NOT NULL,
  `obligatoire` tinyint(1) NOT NULL,
  `module_id` int(11) NOT NULL,
  `periode_id` int(11) NOT NULL,
  PRIMARY KEY (`id`)
) ENGINE=InnoDB  DEFAULT CHARSET=utf8 AUTO_INCREMENT=127 ;

--
-- Contenu de la table `groupes`
--

INSERT INTO `groupes` (`id`, `capacite`, `obligatoire`, `module_id`, `periode_id`) VALUES
(5, 64, 0, 24, 5),
(8, 32, 0, 25, 5),
(12, 32, 0, 26, 5),
(13, 32, 0, 27, 5),
(14, 32, 0, 28, 5),
(15, 32, 1, 39, 8),
(16, 32, 0, 29, 7),
(20, 32, 0, 30, 7),
(21, 32, 1, 42, 8),
(25, 32, 0, 31, 7),
(27, 32, 0, 32, 7),
(30, 32, 0, 32, 9),
(31, 32, 0, 45, 9),
(32, 32, 0, 33, 7),
(33, 32, 0, 34, 7),
(34, 32, 0, 46, 9),
(35, 32, 0, 47, 9),
(37, 0, 1, 49, 8),
(38, 32, 0, 15, 12),
(39, 32, 0, 15, 11),
(40, 32, 0, 7, 10),
(41, 32, 0, 4, 10),
(45, 32, 0, 10, 10),
(47, 32, 0, 11, 10),
(49, 32, 0, 13, 12),
(50, 32, 0, 13, 11),
(51, 32, 0, 16, 12),
(53, 32, 0, 18, 12),
(54, 32, 0, 22, 12),
(55, 32, 0, 23, 12),
(56, 32, 0, 19, 12),
(57, 32, 0, 20, 12),
(58, 0, 1, 49, 5),
(63, 0, 1, 35, 5),
(65, 32, 0, 29, 9),
(66, 0, 1, 45, 7),
(67, 0, 1, 47, 7),
(68, 0, 1, 1, 10),
(69, 0, 1, 1, 13),
(70, 0, 1, 51, 5),
(71, 0, 1, 51, 8),
(72, 0, 1, 52, 5),
(73, 0, 1, 52, 8),
(74, 0, 1, 35, 9),
(75, 0, 1, 53, 8),
(76, 0, 1, 54, 8),
(77, 0, 1, 55, 11),
(78, 0, 1, 56, 9),
(79, 0, 1, 57, 9),
(80, 0, 1, 58, 9),
(81, 0, 1, 59, 9),
(82, 0, 1, 7, 13),
(83, 0, 1, 2, 10),
(85, 32, 0, 2, 13),
(86, 32, 0, 5, 10),
(87, 32, 0, 5, 13),
(88, 0, 1, 6, 10),
(89, 32, 0, 6, 10),
(90, 32, 0, 6, 13),
(91, 32, 0, 50, 13),
(92, 0, 1, 61, 11),
(93, 0, 1, 12, 12),
(94, 0, 1, 12, 11),
(95, 0, 1, 17, 11),
(96, 32, 0, 17, 12),
(97, 0, 1, 21, 11),
(98, 0, 1, 21, 12),
(99, 0, 1, 62, 11),
(100, 0, 1, 63, 11),
(102, 0, 1, 13, 12),
(103, 32, 0, 22, 11),
(111, 32, 0, 64, 13),
(112, 0, 1, 64, 14),
(113, 0, 1, 3, 10),
(114, 0, 1, 14, 12),
(115, 0, 1, 16, 12),
(116, 0, 1, 18, 12),
(117, 0, 1, 19, 12),
(118, 0, 1, 8, 10),
(119, 0, 1, 9, 10),
(120, 32, 0, 9, 10),
(121, 32, 0, 35, 14),
(122, 16, 0, 44, 14),
(123, 32, 0, 25, 14),
(124, 32, 0, 36, 14),
(125, 32, 0, 37, 14),
(126, 32, 0, 38, 14);

-- --------------------------------------------------------

--
-- Structure de la table `groupes_parcours`
--

CREATE TABLE IF NOT EXISTS `groupes_parcours` (
  `id` int(11) NOT NULL AUTO_INCREMENT,
  `groupe_id` int(11) unsigned NOT NULL,
  `parcour_id` int(11) unsigned NOT NULL,
  PRIMARY KEY (`id`)
) ENGINE=InnoDB  DEFAULT CHARSET=utf8 AUTO_INCREMENT=158 ;

--
-- Contenu de la table `groupes_parcours`
--

INSERT INTO `groupes_parcours` (`id`, `groupe_id`, `parcour_id`) VALUES
(7, 5, 1),
(10, 8, 1),
(14, 12, 1),
(15, 13, 1),
(16, 14, 1),
(17, 15, 7),
(18, 16, 1),
(22, 20, 1),
(23, 21, 7),
(27, 25, 1),
(29, 27, 1),
(32, 30, 7),
(33, 31, 7),
(34, 32, 1),
(35, 33, 1),
(36, 34, 7),
(37, 35, 7),
(38, 36, 7),
(39, 37, 7),
(40, 38, 2),
(41, 38, 3),
(42, 38, 4),
(43, 39, 8),
(44, 40, 2),
(45, 40, 3),
(47, 41, 2),
(48, 41, 4),
(53, 45, 3),
(56, 47, 4),
(58, 49, 3),
(59, 49, 4),
(60, 50, 8),
(61, 51, 2),
(63, 53, 2),
(64, 53, 3),
(65, 54, 4),
(67, 55, 4),
(68, 56, 2),
(69, 57, 3),
(70, 58, 1),
(79, 63, 1),
(82, 65, 7),
(83, 66, 1),
(84, 67, 1),
(85, 68, 2),
(86, 68, 3),
(87, 68, 4),
(88, 69, 8),
(90, 70, 1),
(91, 71, 7),
(92, 72, 1),
(93, 73, 7),
(94, 74, 7),
(95, 75, 7),
(96, 76, 7),
(97, 77, 7),
(98, 78, 7),
(99, 79, 7),
(100, 80, 7),
(101, 81, 7),
(102, 82, 8),
(103, 83, 2),
(105, 85, 8),
(106, 86, 2),
(107, 86, 3),
(108, 87, 8),
(109, 88, 4),
(110, 89, 2),
(111, 90, 8),
(112, 91, 8),
(113, 92, 8),
(115, 93, 2),
(116, 93, 3),
(117, 93, 4),
(118, 94, 8),
(120, 95, 8),
(122, 96, 2),
(123, 97, 8),
(124, 98, 4),
(125, 99, 8),
(127, 100, 8),
(130, 102, 2),
(131, 103, 8),
(140, 111, 8),
(142, 113, 2),
(143, 114, 2),
(144, 115, 3),
(145, 116, 4),
(146, 117, 3),
(147, 118, 3),
(148, 119, 3),
(150, 83, 4),
(151, 120, 4),
(152, 121, 5),
(153, 122, 5),
(154, 123, 5),
(155, 124, 5),
(156, 125, 5),
(157, 126, 5);

-- --------------------------------------------------------

--
-- Structure de la table `groupes_utilisateurs`
--

CREATE TABLE IF NOT EXISTS `groupes_utilisateurs` (
  `id` int(11) NOT NULL AUTO_INCREMENT,
  `utilisateur_id` int(11) unsigned NOT NULL,
  `groupe_id` int(11) unsigned NOT NULL,
  `created` datetime DEFAULT NULL,
  PRIMARY KEY (`id`)
) ENGINE=InnoDB  DEFAULT CHARSET=utf8 AUTO_INCREMENT=622 ;

--
-- Contenu de la table `groupes_utilisateurs`
--

INSERT INTO `groupes_utilisateurs` (`id`, `utilisateur_id`, `groupe_id`, `created`) VALUES
(9, 209, 123, '2015-09-14 16:14:10'),
(10, 209, 124, '2015-09-14 16:14:10'),
(11, 209, 121, '2015-09-14 16:14:11'),
(12, 209, 125, '2015-09-14 16:14:11'),
(13, 211, 123, '2015-09-14 16:14:21'),
(14, 211, 121, '2015-09-14 16:14:21'),
(15, 211, 125, '2015-09-14 16:14:21'),
(16, 211, 122, '2015-09-14 16:14:21'),
(21, 237, 123, '2015-09-14 16:16:17'),
(22, 237, 126, '2015-09-14 16:16:17'),
(23, 237, 121, '2015-09-14 16:16:17'),
(24, 237, 125, '2015-09-14 16:16:17'),
(25, 254, 123, '2015-09-14 16:17:35'),
(26, 254, 126, '2015-09-14 16:17:35'),
(27, 254, 121, '2015-09-14 16:17:36'),
(28, 254, 125, '2015-09-14 16:17:36'),
(29, 163, 123, '2015-09-14 16:29:46'),
(30, 163, 121, '2015-09-14 16:29:46'),
(31, 163, 125, '2015-09-14 16:29:46'),
(32, 163, 122, '2015-09-14 16:29:46'),
(37, 268, 123, '2015-09-14 16:42:24'),
(38, 268, 121, '2015-09-14 16:42:24'),
(39, 268, 125, '2015-09-14 16:42:24'),
(40, 268, 122, '2015-09-14 16:42:24'),
(45, 232, 124, '2015-09-14 17:05:15'),
(46, 232, 121, '2015-09-14 17:05:15'),
(47, 232, 125, '2015-09-14 17:05:15'),
(48, 232, 122, '2015-09-14 17:05:15'),
(49, 154, 123, '2015-09-14 17:10:34'),
(50, 154, 121, '2015-09-14 17:10:34'),
(51, 154, 125, '2015-09-14 17:10:34'),
(52, 154, 122, '2015-09-14 17:10:34'),
(57, 274, 123, '2015-09-14 17:36:06'),
(58, 274, 124, '2015-09-14 17:36:06'),
(59, 274, 121, '2015-09-14 17:36:06'),
(60, 274, 125, '2015-09-14 17:36:06'),
(61, 244, 123, '2015-09-14 18:16:18'),
(62, 244, 121, '2015-09-14 18:16:18'),
(63, 244, 125, '2015-09-14 18:16:18'),
(64, 244, 122, '2015-09-14 18:16:18'),
(68, 245, 13, '2015-09-14 18:30:11'),
(69, 245, 5, '2015-09-14 18:30:11'),
(70, 245, 14, '2015-09-14 18:30:11'),
(77, 150, 13, '2015-09-14 18:30:13'),
(78, 150, 5, '2015-09-14 18:30:13'),
(79, 150, 14, '2015-09-14 18:30:13'),
(80, 217, 13, '2015-09-14 18:30:13'),
(81, 217, 5, '2015-09-14 18:30:13'),
(82, 217, 14, '2015-09-14 18:30:13'),
(83, 126, 8, '2015-09-14 18:30:14'),
(84, 126, 13, '2015-09-14 18:30:14'),
(85, 126, 12, '2015-09-14 18:30:14'),
(92, 275, 13, '2015-09-14 18:30:16'),
(93, 275, 5, '2015-09-14 18:30:16'),
(94, 275, 14, '2015-09-14 18:30:16'),
(95, 170, 13, '2015-09-14 18:30:17'),
(96, 170, 5, '2015-09-14 18:30:17'),
(97, 170, 12, '2015-09-14 18:30:17'),
(104, 207, 13, '2015-09-14 18:30:17'),
(105, 207, 5, '2015-09-14 18:30:17'),
(107, 207, 14, '2015-09-14 18:30:17'),
(111, 176, 5, '2015-09-14 18:30:18'),
(113, 176, 12, '2015-09-14 18:30:18'),
(115, 176, 14, '2015-09-14 18:30:18'),
(119, 203, 13, '2015-09-14 18:30:20'),
(120, 203, 5, '2015-09-14 18:30:20'),
(121, 203, 14, '2015-09-14 18:30:20'),
(122, 204, 13, '2015-09-14 18:30:21'),
(123, 204, 5, '2015-09-14 18:30:21'),
(124, 204, 14, '2015-09-14 18:30:21'),
(125, 223, 13, '2015-09-14 18:30:22'),
(126, 223, 5, '2015-09-14 18:30:22'),
(127, 223, 12, '2015-09-14 18:30:22'),
(128, 257, 13, '2015-09-14 18:30:22'),
(129, 231, 13, '2015-09-14 18:30:22'),
(130, 257, 5, '2015-09-14 18:30:22'),
(131, 231, 5, '2015-09-14 18:30:23'),
(132, 257, 14, '2015-09-14 18:30:23'),
(133, 231, 14, '2015-09-14 18:30:23'),
(134, 202, 13, '2015-09-14 18:30:23'),
(136, 202, 5, '2015-09-14 18:30:23'),
(137, 202, 14, '2015-09-14 18:30:23'),
(140, 213, 13, '2015-09-14 18:30:24'),
(141, 213, 5, '2015-09-14 18:30:24'),
(142, 213, 14, '2015-09-14 18:30:24'),
(158, 135, 8, '2015-09-14 18:30:28'),
(159, 135, 13, '2015-09-14 18:30:28'),
(160, 135, 12, '2015-09-14 18:30:28'),
(167, 129, 8, '2015-09-14 18:30:33'),
(168, 129, 13, '2015-09-14 18:30:33'),
(169, 129, 14, '2015-09-14 18:30:33'),
(170, 197, 13, '2015-09-14 18:30:35'),
(171, 197, 5, '2015-09-14 18:30:35'),
(172, 197, 14, '2015-09-14 18:30:35'),
(173, 190, 13, '2015-09-14 18:30:38'),
(174, 190, 5, '2015-09-14 18:30:38'),
(175, 190, 14, '2015-09-14 18:30:38'),
(176, 200, 13, '2015-09-14 18:30:38'),
(177, 200, 5, '2015-09-14 18:30:38'),
(178, 200, 14, '2015-09-14 18:30:38'),
(179, 206, 13, '2015-09-14 18:30:40'),
(180, 206, 5, '2015-09-14 18:30:40'),
(181, 206, 14, '2015-09-14 18:30:40'),
(182, 212, 13, '2015-09-14 18:30:43'),
(183, 212, 5, '2015-09-14 18:30:43'),
(184, 212, 14, '2015-09-14 18:30:43'),
(195, 162, 13, '2015-09-14 18:31:01'),
(196, 162, 5, '2015-09-14 18:31:01'),
(197, 162, 14, '2015-09-14 18:31:01'),
(201, 165, 8, '2015-09-14 18:31:09'),
(202, 165, 13, '2015-09-14 18:31:09'),
(203, 165, 14, '2015-09-14 18:31:09'),
(213, 189, 8, '2015-09-14 18:31:15'),
(214, 189, 5, '2015-09-14 18:31:15'),
(215, 189, 12, '2015-09-14 18:31:15'),
(222, 172, 5, '2015-09-14 18:31:24'),
(223, 172, 12, '2015-09-14 18:31:24'),
(224, 172, 14, '2015-09-14 18:31:24'),
(225, 178, 8, '2015-09-14 18:31:24'),
(226, 178, 13, '2015-09-14 18:31:24'),
(227, 178, 12, '2015-09-14 18:31:24'),
(231, 130, 13, '2015-09-14 18:31:27'),
(232, 130, 12, '2015-09-14 18:31:27'),
(233, 130, 14, '2015-09-14 18:31:27'),
(234, 187, 8, '2015-09-14 18:31:29'),
(235, 187, 13, '2015-09-14 18:31:29'),
(236, 187, 5, '2015-09-14 18:31:29'),
(237, 241, 8, '2015-09-14 18:31:32'),
(238, 241, 13, '2015-09-14 18:31:32'),
(239, 241, 5, '2015-09-14 18:31:32'),
(243, 226, 13, '2015-09-14 18:31:43'),
(244, 226, 5, '2015-09-14 18:31:43'),
(245, 226, 14, '2015-09-14 18:31:43'),
(249, 218, 13, '2015-09-14 18:31:45'),
(250, 218, 5, '2015-09-14 18:31:45'),
(251, 218, 14, '2015-09-14 18:31:45'),
(252, 216, 5, '2015-09-14 18:32:16'),
(253, 216, 12, '2015-09-14 18:32:16'),
(254, 216, 14, '2015-09-14 18:32:16'),
(258, 159, 13, '2015-09-14 18:33:27'),
(259, 159, 5, '2015-09-14 18:33:27'),
(260, 159, 14, '2015-09-14 18:33:27'),
(264, 192, 13, '2015-09-14 18:34:33'),
(265, 192, 5, '2015-09-14 18:34:33'),
(266, 192, 14, '2015-09-14 18:34:33'),
(267, 186, 8, '2015-09-14 18:35:37'),
(268, 186, 5, '2015-09-14 18:35:37'),
(269, 186, 12, '2015-09-14 18:35:37'),
(270, 171, 8, '2015-09-14 18:36:36'),
(271, 171, 5, '2015-09-14 18:36:36'),
(272, 171, 12, '2015-09-14 18:36:36'),
(276, 258, 8, '2015-09-14 18:41:53'),
(277, 258, 5, '2015-09-14 18:41:53'),
(278, 258, 14, '2015-09-14 18:41:53'),
(279, 259, 5, '2015-09-14 18:45:51'),
(280, 259, 12, '2015-09-14 18:45:51'),
(281, 259, 14, '2015-09-14 18:45:51'),
(300, 158, 5, '2015-09-14 19:20:00'),
(301, 158, 12, '2015-09-14 19:20:00'),
(302, 158, 14, '2015-09-14 19:20:00'),
(303, 269, 123, '2015-09-14 19:21:09'),
(304, 269, 121, '2015-09-14 19:21:09'),
(305, 269, 125, '2015-09-14 19:21:09'),
(306, 269, 122, '2015-09-14 19:21:09'),
(311, 242, 123, '2015-09-14 20:19:56'),
(312, 242, 121, '2015-09-14 20:19:56'),
(313, 242, 125, '2015-09-14 20:19:56'),
(314, 242, 122, '2015-09-14 20:19:56'),
(319, 277, 123, '2015-09-14 20:23:20'),
(320, 277, 126, '2015-09-14 20:23:20'),
(321, 277, 121, '2015-09-14 20:23:20'),
(322, 277, 125, '2015-09-14 20:23:20'),
(327, 134, 5, '2015-09-14 20:29:53'),
(328, 134, 12, '2015-09-14 20:29:53'),
(329, 134, 14, '2015-09-14 20:29:53'),
(330, 174, 13, '2015-09-14 20:44:04'),
(331, 174, 12, '2015-09-14 20:44:04'),
(332, 174, 14, '2015-09-14 20:44:04'),
(333, 195, 8, '2015-09-14 20:54:22'),
(334, 195, 5, '2015-09-14 20:54:22'),
(335, 195, 12, '2015-09-14 20:54:22'),
(338, 230, 45, '2015-09-14 22:00:07'),
(339, 230, 86, '2015-09-14 22:00:07'),
(340, 229, 45, '2015-09-14 22:00:07'),
(341, 229, 86, '2015-09-14 22:00:07'),
(342, 153, 45, '2015-09-14 22:00:09'),
(343, 153, 86, '2015-09-14 22:00:09'),
(344, 161, 45, '2015-09-14 22:00:09'),
(345, 161, 86, '2015-09-14 22:00:09'),
(346, 210, 45, '2015-09-14 22:00:10'),
(347, 185, 41, '2015-09-14 22:00:10'),
(348, 210, 86, '2015-09-14 22:00:10'),
(349, 185, 89, '2015-09-14 22:00:10'),
(350, 137, 45, '2015-09-14 22:00:10'),
(351, 140, 89, '2015-09-14 22:00:10'),
(352, 137, 86, '2015-09-14 22:00:10'),
(353, 140, 86, '2015-09-14 22:00:10'),
(354, 147, 41, '2015-09-14 22:00:10'),
(355, 147, 89, '2015-09-14 22:00:10'),
(356, 145, 45, '2015-09-14 22:00:11'),
(357, 145, 86, '2015-09-14 22:00:11'),
(358, 175, 40, '2015-09-14 22:00:11'),
(359, 175, 86, '2015-09-14 22:00:11'),
(363, 199, 45, '2015-09-14 22:00:12'),
(364, 199, 86, '2015-09-14 22:00:12'),
(365, 132, 45, '2015-09-14 22:00:13'),
(366, 132, 86, '2015-09-14 22:00:13'),
(367, 141, 89, '2015-09-14 22:00:13'),
(368, 141, 86, '2015-09-14 22:00:13'),
(369, 148, 45, '2015-09-14 22:00:13'),
(370, 148, 86, '2015-09-14 22:00:13'),
(371, 180, 41, '2015-09-14 22:00:14'),
(372, 149, 45, '2015-09-14 22:00:14'),
(373, 180, 89, '2015-09-14 22:00:14'),
(374, 149, 86, '2015-09-14 22:00:14'),
(378, 219, 41, '2015-09-14 22:00:14'),
(379, 139, 45, '2015-09-14 22:00:14'),
(380, 219, 89, '2015-09-14 22:00:14'),
(381, 139, 86, '2015-09-14 22:00:14'),
(382, 239, 45, '2015-09-14 22:00:15'),
(383, 239, 86, '2015-09-14 22:00:15'),
(386, 144, 41, '2015-09-14 22:00:16'),
(387, 144, 89, '2015-09-14 22:00:16'),
(390, 143, 41, '2015-09-14 22:00:18'),
(391, 143, 89, '2015-09-14 22:00:18'),
(392, 227, 45, '2015-09-14 22:00:18'),
(393, 227, 86, '2015-09-14 22:00:18'),
(394, 252, 89, '2015-09-14 22:00:18'),
(395, 252, 86, '2015-09-14 22:00:18'),
(402, 184, 45, '2015-09-14 22:00:20'),
(403, 184, 86, '2015-09-14 22:00:20'),
(408, 214, 41, '2015-09-14 22:00:22'),
(409, 214, 89, '2015-09-14 22:00:22'),
(411, 138, 41, '2015-09-14 22:00:22'),
(413, 138, 89, '2015-09-14 22:00:22'),
(416, 221, 41, '2015-09-14 22:00:22'),
(417, 221, 89, '2015-09-14 22:00:22'),
(422, 160, 45, '2015-09-14 22:00:24'),
(423, 160, 86, '2015-09-14 22:00:24'),
(424, 179, 41, '2015-09-14 22:00:24'),
(425, 179, 89, '2015-09-14 22:00:24'),
(426, 249, 45, '2015-09-14 22:00:25'),
(427, 249, 86, '2015-09-14 22:00:25'),
(428, 208, 41, '2015-09-14 22:00:25'),
(429, 208, 89, '2015-09-14 22:00:25'),
(430, 224, 41, '2015-09-14 22:00:25'),
(431, 224, 89, '2015-09-14 22:00:25'),
(432, 263, 41, '2015-09-14 22:00:27'),
(433, 263, 89, '2015-09-14 22:00:27'),
(434, 167, 40, '2015-09-14 22:00:29'),
(435, 167, 86, '2015-09-14 22:00:29'),
(438, 146, 41, '2015-09-14 22:00:31'),
(439, 146, 89, '2015-09-14 22:00:31'),
(440, 142, 41, '2015-09-14 22:00:31'),
(441, 142, 47, '2015-09-14 22:00:31'),
(442, 246, 41, '2015-09-14 22:00:35'),
(443, 246, 47, '2015-09-14 22:00:35'),
(444, 215, 89, '2015-09-14 22:00:35'),
(445, 215, 86, '2015-09-14 22:00:35'),
(446, 251, 89, '2015-09-14 22:00:37'),
(447, 251, 86, '2015-09-14 22:00:37'),
(448, 166, 41, '2015-09-14 22:00:40'),
(449, 166, 89, '2015-09-14 22:00:40'),
(450, 181, 89, '2015-09-14 22:00:45'),
(451, 181, 86, '2015-09-14 22:00:45'),
(452, 157, 41, '2015-09-14 22:00:50'),
(453, 157, 89, '2015-09-14 22:00:50'),
(454, 156, 41, '2015-09-14 22:00:53'),
(455, 156, 89, '2015-09-14 22:00:53'),
(459, 188, 85, '2015-09-14 22:00:54'),
(460, 188, 90, '2015-09-14 22:00:54'),
(461, 188, 87, '2015-09-14 22:00:54'),
(465, 191, 40, '2015-09-14 22:01:29'),
(466, 191, 89, '2015-09-14 22:01:29'),
(467, 133, 41, '2015-09-14 22:01:40'),
(468, 133, 89, '2015-09-14 22:01:40'),
(481, 243, 40, '2015-09-14 22:03:16'),
(482, 243, 41, '2015-09-14 22:03:16'),
(483, 243, 89, '2015-09-14 22:03:16'),
(484, 193, 85, '2015-09-14 22:03:17'),
(485, 193, 90, '2015-09-14 22:03:17'),
(486, 193, 87, '2015-09-14 22:03:17'),
(487, 250, 85, '2015-09-14 22:03:29'),
(488, 250, 90, '2015-09-14 22:03:29'),
(489, 250, 87, '2015-09-14 22:03:29'),
(490, 255, 85, '2015-09-14 22:03:55'),
(491, 255, 90, '2015-09-14 22:03:55'),
(492, 255, 87, '2015-09-14 22:03:55'),
(493, 177, 85, '2015-09-14 22:04:04'),
(494, 177, 90, '2015-09-14 22:04:04'),
(495, 177, 87, '2015-09-14 22:04:04'),
(496, 152, 41, '2015-09-14 22:08:20'),
(497, 152, 89, '2015-09-14 22:08:20'),
(498, 198, 85, '2015-09-14 22:09:49'),
(499, 198, 90, '2015-09-14 22:09:49'),
(500, 198, 87, '2015-09-14 22:09:49'),
(501, 131, 41, '2015-09-14 22:11:46'),
(502, 131, 89, '2015-09-14 22:11:46'),
(503, 222, 45, '2015-09-14 22:14:08'),
(504, 222, 86, '2015-09-14 22:14:08'),
(509, 283, 123, '2015-09-14 22:15:52'),
(510, 283, 121, '2015-09-14 22:15:52'),
(511, 283, 125, '2015-09-14 22:15:52'),
(512, 283, 122, '2015-09-14 22:15:52'),
(513, 234, 41, '2015-09-14 22:22:09'),
(514, 234, 47, '2015-09-14 22:22:09'),
(518, 282, 123, '2015-09-14 22:54:08'),
(519, 282, 126, '2015-09-14 22:54:08'),
(520, 282, 125, '2015-09-14 22:54:08'),
(521, 282, 122, '2015-09-14 22:54:08'),
(524, 196, 41, '2015-09-14 23:34:23'),
(525, 196, 89, '2015-09-14 23:34:23'),
(534, 194, 41, '2015-09-15 14:59:51'),
(535, 194, 47, '2015-09-15 14:59:51'),
(536, 236, 123, '2015-09-15 16:26:10'),
(537, 236, 126, '2015-09-15 16:26:10'),
(538, 236, 124, '2015-09-15 16:26:10'),
(539, 236, 125, '2015-09-15 16:26:10'),
(540, 205, 41, '2015-09-15 16:37:26'),
(541, 205, 47, '2015-09-15 16:37:26'),
(546, 240, 123, '2015-09-15 22:33:07'),
(547, 240, 126, '2015-09-15 22:33:07'),
(548, 240, 121, '2015-09-15 22:33:07'),
(549, 240, 125, '2015-09-15 22:33:07'),
(550, 290, 123, '2015-09-16 19:42:42'),
(551, 290, 126, '2015-09-16 19:42:42'),
(552, 290, 121, '2015-09-16 19:42:42'),
(553, 290, 125, '2015-09-16 19:42:42'),
(554, 278, 8, '2015-09-17 12:22:38'),
(555, 278, 5, '2015-09-17 12:22:38'),
(556, 278, 12, '2015-09-17 12:22:38'),
(557, 182, 45, '2015-09-17 13:19:45'),
(558, 182, 86, '2015-09-17 13:19:45'),
(559, 225, 85, '2015-09-17 15:58:25'),
(560, 225, 90, '2015-09-17 15:58:25'),
(561, 225, 87, '2015-09-17 15:58:25'),
(562, 285, 123, '2015-09-17 16:26:36'),
(563, 285, 126, '2015-09-17 16:26:36'),
(564, 285, 121, '2015-09-17 16:26:36'),
(565, 285, 125, '2015-09-17 16:26:36'),
(566, 292, 123, '2015-09-17 20:46:09'),
(567, 292, 126, '2015-09-17 20:46:09'),
(568, 292, 121, '2015-09-17 20:46:09'),
(569, 292, 122, '2015-09-17 20:46:09'),
(570, 294, 123, '2015-09-18 12:24:24'),
(571, 294, 124, '2015-09-18 12:24:24'),
(572, 294, 121, '2015-09-18 12:24:24'),
(573, 294, 125, '2015-09-18 12:24:24'),
(574, 286, 123, '2015-09-21 16:13:29'),
(575, 286, 126, '2015-09-21 16:13:29'),
(576, 286, 121, '2015-09-21 16:13:29'),
(577, 286, 125, '2015-09-21 16:13:29'),
(578, 296, 123, '2015-09-22 00:36:42'),
(579, 296, 126, '2015-09-22 00:36:42'),
(580, 296, 121, '2015-09-22 00:36:42'),
(581, 296, 125, '2015-09-22 00:36:42'),
(582, 201, 123, '2015-09-22 16:10:31'),
(583, 201, 126, '2015-09-22 16:10:31'),
(584, 201, 121, '2015-09-22 16:10:31'),
(585, 201, 125, '2015-09-22 16:10:31'),
(586, 297, 123, '2015-09-22 17:41:54'),
(587, 297, 124, '2015-09-22 17:41:54'),
(588, 297, 121, '2015-09-22 17:41:54'),
(589, 297, 125, '2015-09-22 17:41:54'),
(590, 298, 123, '2015-09-23 11:33:49'),
(591, 298, 126, '2015-09-23 11:33:49'),
(592, 298, 121, '2015-09-23 11:33:49'),
(593, 298, 125, '2015-09-23 11:33:49'),
(594, 299, 124, '2015-09-23 20:18:24'),
(595, 299, 121, '2015-09-23 20:18:24'),
(596, 299, 125, '2015-09-23 20:18:24'),
(597, 299, 122, '2015-09-23 20:18:24'),
(618, 301, 123, '2015-09-30 13:02:30'),
(619, 301, 126, '2015-09-30 13:02:30'),
(620, 301, 121, '2015-09-30 13:02:30'),
(621, 301, 125, '2015-09-30 13:02:30');

-- --------------------------------------------------------

--
-- Structure de la table `mentions`
--

CREATE TABLE IF NOT EXISTS `mentions` (
  `id` int(11) NOT NULL AUTO_INCREMENT,
  `title` varchar(45) NOT NULL,
  PRIMARY KEY (`id`)
) ENGINE=InnoDB  DEFAULT CHARSET=utf8 AUTO_INCREMENT=2 ;

--
-- Contenu de la table `mentions`
--

INSERT INTO `mentions` (`id`, `title`) VALUES
(1, 'STIC');

-- --------------------------------------------------------

--
-- Structure de la table `modules`
--

CREATE TABLE IF NOT EXISTS `modules` (
  `id` int(11) NOT NULL AUTO_INCREMENT,
  `title` varchar(100) NOT NULL,
  `code` varchar(255) NOT NULL,
  PRIMARY KEY (`id`)
) ENGINE=InnoDB  DEFAULT CHARSET=utf8 AUTO_INCREMENT=65 ;

--
-- Contenu de la table `modules`
--

INSERT INTO `modules` (`id`, `title`, `code`) VALUES
(1, 'Architecture des Systèmes d''Informations 2', 'M2.27'),
(2, 'Ingénierie des systèmes de gestion intégrés — ERP', 'M2.29'),
(3, 'Gestion stratégique et organisationnelle des SI', 'M2.30'),
(4, 'Modélisation des problèmes en management et marketing', 'M2.31'),
(5, 'Web X.0', 'M2.32'),
(6, 'Outils pour la business intelligence', 'M2.36'),
(7, 'Architectures sécurisées', 'M2.28'),
(8, 'Conduite de projet et conception d''applications web', 'M2.33'),
(9, 'Théorie des organisations', 'M2.34'),
(10, 'Outils multimédias et design graphique', 'M2.35'),
(11, 'Outils pour les systèmes décisionnels en entreprise', 'M2.37'),
(12, 'Marchés professionnels et bilans de compétences', 'M2.52'),
(13, 'Workflow : concepts et outils', 'M2.58'),
(14, 'Analyse et évaluation des SI', 'M2.59'),
(15, 'Anglais', 'M2.01'),
(16, 'Interfaces Web', 'M2.60'),
(17, 'Management stratégique et organisationnel en biologie et santé', 'M2.61'),
(18, 'Stratégie d''entreprise', 'M2.63'),
(19, 'Droit et Internet', 'M2.71'),
(20, 'Environnements informatiques virtuels et apprentissage', 'M2.72'),
(21, 'Analyse et fouille de données', 'M2.64'),
(22, 'Recherche heuristique et algorithmes pour la décision', 'M2.65'),
(23, 'Aide à la décision avancée', 'M2.66'),
(24, 'Gestion de production', 'M1.03'),
(25, 'Administration des SE', 'M1.11'),
(26, 'IHM (Interface Homme-Machine) avancé', 'M1.15'),
(27, 'Communication en entreprise', 'M1.16'),
(28, 'Marketing', 'M1.17'),
(29, 'Conduite du changement', 'M1.20'),
(30, 'Conception avancée des SI', 'M1.39'),
(31, 'Green IT et normes de qualité', 'M1.42'),
(32, 'Architectures des SI mobiles', 'M1.43'),
(33, 'Architecture client/serveur', 'M1.46'),
(34, 'Marketing orienté Web', 'M1.47'),
(35, 'Architecture des Systèmes d''Information', 'M1.10'),
(36, 'Algorithmique distribuée', 'M1.12'),
(37, 'Fondements de la cryptographie', 'M1.13'),
(38, 'Algorithmique adaptée et modélisation', 'M1.14'),
(39, 'Biostatistiques', 'M1.19'),
(40, 'Administration des bases de données', 'M1.37'),
(41, 'Administration de grilles de calcul et de parcs hétérogènes', 'M1.38'),
(42, 'Introduction au traitement du signal biomédical', 'M1.04'),
(43, 'Projet de spécialité', 'M1.40'),
(44, 'Microsystèmes embarqués', 'M1.41'),
(45, 'Architecture web des SI', 'M1.45'),
(46, 'Electrophysiologie', 'M1.51'),
(47, 'Découverte des laboratoires d''adossement', 'M1.52'),
(49, 'Gestion de projet', 'M1.09'),
(50, 'Bioinformatique 2', 'M2.38'),
(51, 'Anglais', 'M1.01'),
(52, 'Découverte de la recherche', 'M1.02'),
(53, 'Notions de base en anatomie', 'M1.18'),
(54, 'Analyse des systèmes physiques', 'M1.23'),
(55, 'Introduction au traitement du signal biomédical', 'M1.21'),
(56, 'Instrumentation biomédicale et électronique du capteur', 'M1.22'),
(57, 'Bio-informatique 1', 'M1.48'),
(58, 'Droit de la santé et bioéthique', 'M1.53'),
(59, 'Modélisation moléculaire 1', 'M1.50'),
(61, 'Télémédecine', 'M2.40'),
(62, 'Big data', 'M2.67'),
(63, 'Modélisation moléculaire 2', 'M2.67b'),
(64, 'Traitement d''images et reconstruction 3D', 'M2.69');

-- --------------------------------------------------------

--
-- Structure de la table `parcours`
--

CREATE TABLE IF NOT EXISTS `parcours` (
  `id` int(11) NOT NULL AUTO_INCREMENT,
  `title` varchar(45) NOT NULL,
  `année` tinyint(4) NOT NULL,
  `specialite_id` int(11) NOT NULL,
  PRIMARY KEY (`id`)
) ENGINE=InnoDB  DEFAULT CHARSET=utf8 AUTO_INCREMENT=9 ;

--
-- Contenu de la table `parcours`
--

INSERT INTO `parcours` (`id`, `title`, `année`, `specialite_id`) VALUES
(1, 'M1', 1, 1),
(2, 'OSIE', 2, 1),
(3, '2COM', 2, 1),
(4, 'SIS', 2, 1),
(5, 'M1', 1, 2),
(6, 'M2', 2, 2),
(7, 'M1', 1, 3),
(8, 'Informatique pour la Biologie et la Santé', 2, 3);

-- --------------------------------------------------------

--
-- Structure de la table `periodes`
--

CREATE TABLE IF NOT EXISTS `periodes` (
  `id` int(11) NOT NULL AUTO_INCREMENT,
  `title` varchar(45) NOT NULL,
  `date_debut` timestamp NULL DEFAULT NULL,
  `date_fin` timestamp NULL DEFAULT NULL,
  `date_debut_choix` timestamp NULL DEFAULT NULL,
  `date_fin_choix` timestamp NULL DEFAULT NULL,
  `public_title` varchar(255) NOT NULL,
  `nb_options` int(11) NOT NULL,
  PRIMARY KEY (`id`)
) ENGINE=InnoDB  DEFAULT CHARSET=utf8 AUTO_INCREMENT=15 ;

--
-- Contenu de la table `periodes`
--

INSERT INTO `periodes` (`id`, `title`, `date_debut`, `date_fin`, `date_debut_choix`, `date_fin_choix`, `public_title`, `nb_options`) VALUES
(5, 'S1 M1 MIAGE', '2015-09-01 09:00:00', '2016-01-10 20:00:00', '2015-09-14 18:30:00', '2015-09-18 20:00:00', '1er semestre', 3),
(7, 'S2 M1 MIAGE', '2016-01-11 09:00:00', '2016-07-17 20:00:00', '2016-01-25 18:30:00', '2016-01-29 20:00:00', '2ième semestre', 3),
(8, 'S1 M1 2IBS', '2015-09-01 09:00:00', '2016-01-10 20:00:00', '2015-09-14 18:30:00', '2015-09-18 20:00:00', '1er semestre', 0),
(9, 'S2 M1 2IBS', '2016-01-11 09:00:00', '2016-07-03 20:00:00', '2016-01-25 18:30:00', '2016-01-29 20:00:00', '2ième semestre', 2),
(10, 'S1 M2 MIAGE', '2015-09-01 09:00:00', '2016-01-31 20:00:00', '2015-09-14 22:00:00', '2015-09-18 20:00:00', '1er semestre', 2),
(11, 'S2 M2 2IBS', '2016-02-01 09:00:00', '2016-07-10 20:00:00', '2016-02-08 18:30:00', '2016-02-12 20:00:00', '2ième semestre', 1),
(12, 'S2 M2 MIAGE', '2016-02-01 09:00:00', '2016-07-10 20:00:00', '2016-02-08 18:30:00', '2016-02-12 20:00:00', '2ième semestre', 2),
(13, 'S1 M2 2IBS', '2015-09-01 09:00:00', '2016-01-10 20:00:00', '2015-09-14 22:00:00', '2015-09-18 20:00:00', '1er semestre', 3),
(14, 'S1 M1 ISRI', '2015-09-07 09:00:00', '2016-01-15 23:55:00', '2015-09-14 09:00:00', '2015-10-02 23:55:00', 'S1 M1 ISRI', 4);

-- --------------------------------------------------------

--
-- Structure de la table `phinxlog`
--

CREATE TABLE IF NOT EXISTS `phinxlog` (
  `version` bigint(20) NOT NULL,
  `start_time` timestamp NOT NULL DEFAULT CURRENT_TIMESTAMP ON UPDATE CURRENT_TIMESTAMP,
  `end_time` timestamp NOT NULL DEFAULT '0000-00-00 00:00:00'
) ENGINE=InnoDB DEFAULT CHARSET=utf8;

--
-- Contenu de la table `phinxlog`
--

INSERT INTO `phinxlog` (`version`, `start_time`, `end_time`) VALUES
(20150209211912, '2015-02-09 20:32:56', '2015-02-09 20:32:58'),
(20150327154233, '2015-03-30 15:14:44', '2015-03-30 15:14:45'),
(20150408085156, '2015-05-21 13:57:51', '2015-05-21 13:57:51'),
(20150408090532, '2015-05-21 13:57:51', '2015-05-21 13:57:51'),
(20150503154819, '2015-05-21 13:57:51', '2015-05-21 13:57:52'),
(20150520124859, '2015-05-21 13:57:52', '2015-05-21 13:57:52'),
(20150520131136, '2015-05-21 13:57:52', '2015-05-21 13:57:52'),
(20150521160222, '2015-05-21 14:03:09', '2015-05-21 14:03:10'),
(20150523173711, '2015-05-23 15:43:07', '2015-05-23 15:43:07'),
(20150617124407, '2015-06-30 10:42:13', '2015-06-30 10:42:13'),
(20150630124240, '2015-06-30 10:47:25', '2015-06-30 10:47:26'),
(20150630122409, '2015-06-30 12:53:56', '2015-06-30 12:53:57'),
(20150705165312, '2015-07-05 14:56:13', '2015-07-05 14:56:13'),
(20150705165337, '2015-07-05 14:56:13', '2015-07-05 14:56:14');

-- --------------------------------------------------------

--
-- Structure de la table `roles`
--

CREATE TABLE IF NOT EXISTS `roles` (
  `id` int(11) NOT NULL AUTO_INCREMENT,
  `title` varchar(45) NOT NULL,
  PRIMARY KEY (`id`)
) ENGINE=InnoDB  DEFAULT CHARSET=utf8 AUTO_INCREMENT=4 ;

--
-- Contenu de la table `roles`
--

INSERT INTO `roles` (`id`, `title`) VALUES
(1, 'Administrateur'),
(2, 'Etudiant'),
(3, 'Professeur');

-- --------------------------------------------------------

--
-- Structure de la table `specialites`
--

CREATE TABLE IF NOT EXISTS `specialites` (
  `id` int(11) NOT NULL AUTO_INCREMENT,
  `title` varchar(45) NOT NULL,
  `mention_id` int(11) unsigned NOT NULL,
  PRIMARY KEY (`id`)
) ENGINE=InnoDB  DEFAULT CHARSET=utf8 AUTO_INCREMENT=4 ;

--
-- Contenu de la table `specialites`
--

INSERT INTO `specialites` (`id`, `title`, `mention_id`) VALUES
(1, 'MIAGE', 1),
(2, 'ISRI', 1),
(3, '2IBS', 1);

-- --------------------------------------------------------

--
-- Structure de la table `utilisateurs`
--

CREATE TABLE IF NOT EXISTS `utilisateurs` (
  `id` int(11) NOT NULL AUTO_INCREMENT,
  `prenom` varchar(45) NOT NULL,
  `nom` varchar(45) NOT NULL,
  `identifiant` varchar(45) NOT NULL,
  `motdepasse` varchar(255) NOT NULL,
  `actif` tinyint(1) NOT NULL,
  `email` varchar(45) NOT NULL,
  `telephone` varchar(45) NOT NULL,
  `role_id` int(11) unsigned NOT NULL,
  `parcour_id` int(11) unsigned DEFAULT NULL,
  PRIMARY KEY (`id`)
) ENGINE=InnoDB  DEFAULT CHARSET=utf8 AUTO_INCREMENT=304 ;

--
-- Contenu de la table `utilisateurs`
--

INSERT INTO `utilisateurs` (`id`, `prenom`, `nom`, `identifiant`, `motdepasse`, `actif`, `email`, `telephone`, `role_id`, `parcour_id`) VALUES
(11, 'Anne', 'Lapujade', 'admin', '$2y$10$8V5fvZHrUz3byoZ7PLR31.BYBEVFLiao3Ie6yu5snqhdq7/mrAYJa', 1, 'prenom.nom@email.com', '00000000', 1, 1),
(13, 'Prof', 'Test', 'prof', '$2y$10$8V5fvZHrUz3byoZ7PLR31.BYBEVFLiao3Ie6yu5snqhdq7/mrAYJa', 1, 'prenom.nom@email.com', '00000000', 3, NULL),
(125, 'Gwenaelle', 'Berquin', 'berquin', '$2y$10$8V5fvZHrUz3byoZ7PLR31.BYBEVFLiao3Ie6yu5snqhdq7/mrAYJa', 1, 'prenom.nom@email.com', '00000000', 1, 1),
(126, 'Jordan', 'Gaudron', '21107628', '$2y$10$8V5fvZHrUz3byoZ7PLR31.BYBEVFLiao3Ie6yu5snqhdq7/mrAYJa', 1, 'prenom.nom@email.com', '00000000', 2, 1),
(128, 'Vassilis', 'Giakoumakis', 'vgiakoumakis', '$2y$10$8V5fvZHrUz3byoZ7PLR31.BYBEVFLiao3Ie6yu5snqhdq7/mrAYJa', 1, 'prenom.nom@email.com', '00000000', 1, 5),
(129, 'Quentin', 'Rillet', 'quentinrillet', '$2y$10$8V5fvZHrUz3byoZ7PLR31.BYBEVFLiao3Ie6yu5snqhdq7/mrAYJa', 1, 'prenom.nom@email.com', '00000000', 2, 1),
(130, 'Melody', 'HORWATH', 'melody.horwath', '$2y$10$8V5fvZHrUz3byoZ7PLR31.BYBEVFLiao3Ie6yu5snqhdq7/mrAYJa', 1, 'prenom.nom@email.com', '00000000', 2, 1),
(131, 'Élie ', 'CHABOD', 'echabod', '$2y$10$8V5fvZHrUz3byoZ7PLR31.BYBEVFLiao3Ie6yu5snqhdq7/mrAYJa', 1, 'prenom.nom@email.com', '00000000', 2, 2),
(132, 'Joseph', 'FRANCLIN', 'Joseph.franclin', '$2y$10$8V5fvZHrUz3byoZ7PLR31.BYBEVFLiao3Ie6yu5snqhdq7/mrAYJa', 1, 'prenom.nom@email.com', '00000000', 2, 3),
(133, 'Etienne', 'Lanaud', '21306864', '$2y$10$8V5fvZHrUz3byoZ7PLR31.BYBEVFLiao3Ie6yu5snqhdq7/mrAYJa', 1, 'prenom.nom@email.com', '00000000', 2, 2),
(134, 'Corentin', 'Léotard', 'corentinleotard', '$2y$10$8V5fvZHrUz3byoZ7PLR31.BYBEVFLiao3Ie6yu5snqhdq7/mrAYJa', 1, 'prenom.nom@email.com', '00000000', 2, 1),
(135, 'Mickaël', 'GASPAR', 'mickael02', '$2y$10$8V5fvZHrUz3byoZ7PLR31.BYBEVFLiao3Ie6yu5snqhdq7/mrAYJa', 1, 'prenom.nom@email.com', '00000000', 2, 1),
(137, 'Alexis', 'KSIGZKIEWICZ', 'k29007909', '$2y$10$8V5fvZHrUz3byoZ7PLR31.BYBEVFLiao3Ie6yu5snqhdq7/mrAYJa', 1, 'prenom.nom@email.com', '00000000', 2, 3),
(138, 'Sophie', 'LARROUMET', 'l21308224', '$2y$10$8V5fvZHrUz3byoZ7PLR31.BYBEVFLiao3Ie6yu5snqhdq7/mrAYJa', 1, 'prenom.nom@email.com', '00000000', 2, 2),
(139, 'Kristopher', 'Perin', 'kris', '$2y$10$8V5fvZHrUz3byoZ7PLR31.BYBEVFLiao3Ie6yu5snqhdq7/mrAYJa', 1, 'prenom.nom@email.com', '00000000', 2, 3),
(140, 'Nicolas', 'Ledoux', 'zarciel', '$2y$10$8V5fvZHrUz3byoZ7PLR31.BYBEVFLiao3Ie6yu5snqhdq7/mrAYJa', 1, 'prenom.nom@email.com', '00000000', 2, 2),
(141, 'Florian', 'Debrue', 'Drakar26', '$2y$10$8V5fvZHrUz3byoZ7PLR31.BYBEVFLiao3Ie6yu5snqhdq7/mrAYJa', 1, 'prenom.nom@email.com', '00000000', 2, 2),
(142, 'Houssam', 'AZRARH', 'a21304826', '$2y$10$8V5fvZHrUz3byoZ7PLR31.BYBEVFLiao3Ie6yu5snqhdq7/mrAYJa', 1, 'prenom.nom@email.com', '00000000', 2, 4),
(143, 'Johann', 'KUHNAST', 'Oneill60', '$2y$10$8V5fvZHrUz3byoZ7PLR31.BYBEVFLiao3Ie6yu5snqhdq7/mrAYJa', 1, 'prenom.nom@email.com', '00000000', 2, 2),
(144, 'lucie', 'beauvais', 'lucie', '$2y$10$8V5fvZHrUz3byoZ7PLR31.BYBEVFLiao3Ie6yu5snqhdq7/mrAYJa', 1, 'prenom.nom@email.com', '00000000', 2, 2),
(145, 'Sébastien', 'Divry', 'divrys', '$2y$10$8V5fvZHrUz3byoZ7PLR31.BYBEVFLiao3Ie6yu5snqhdq7/mrAYJa', 1, 'prenom.nom@email.com', '00000000', 2, 3),
(146, 'Antoine', 'Leignel', 'didiscope', '$2y$10$8V5fvZHrUz3byoZ7PLR31.BYBEVFLiao3Ie6yu5snqhdq7/mrAYJa', 1, 'prenom.nom@email.com', '00000000', 2, 2),
(147, 'Alison', 'Bouteleux', 'alisonbouteleux', '$2y$10$8V5fvZHrUz3byoZ7PLR31.BYBEVFLiao3Ie6yu5snqhdq7/mrAYJa', 1, 'prenom.nom@email.com', '00000000', 2, 2),
(148, 'Thomas', 'CANTEGREL', 'cantegrelt', '$2y$10$8V5fvZHrUz3byoZ7PLR31.BYBEVFLiao3Ie6yu5snqhdq7/mrAYJa', 1, 'prenom.nom@email.com', '00000000', 2, 3),
(149, 'Alexandre', 'Maupin', 'amaupin', '$2y$10$8V5fvZHrUz3byoZ7PLR31.BYBEVFLiao3Ie6yu5snqhdq7/mrAYJa', 1, 'prenom.nom@email.com', '00000000', 2, 3),
(150, 'Corentin', 'Legrand', 'corentin.legrand', '$2y$10$8V5fvZHrUz3byoZ7PLR31.BYBEVFLiao3Ie6yu5snqhdq7/mrAYJa', 1, 'prenom.nom@email.com', '00000000', 2, 1),
(151, 'Adrien', 'Rachedi', 'adrien.rachedi', '$2y$10$8V5fvZHrUz3byoZ7PLR31.BYBEVFLiao3Ie6yu5snqhdq7/mrAYJa', 1, 'prenom.nom@email.com', '00000000', 2, 7),
(152, 'Thomas', 'Aimé', 'AimeThomas', '$2y$10$8V5fvZHrUz3byoZ7PLR31.BYBEVFLiao3Ie6yu5snqhdq7/mrAYJa', 1, 'prenom.nom@email.com', '00000000', 2, 2),
(153, 'Maxime', 'Mercier', 'max02140', '$2y$10$8V5fvZHrUz3byoZ7PLR31.BYBEVFLiao3Ie6yu5snqhdq7/mrAYJa', 1, 'prenom.nom@email.com', '00000000', 2, 3),
(154, 'Geoffrey', 'DIEU', 'darkhades80', '$2y$10$8V5fvZHrUz3byoZ7PLR31.BYBEVFLiao3Ie6yu5snqhdq7/mrAYJa', 1, 'prenom.nom@email.com', '00000000', 2, 5),
(155, 'Mathilde', 'FORTIN', 'mathilde.fortin', '$2y$10$8V5fvZHrUz3byoZ7PLR31.BYBEVFLiao3Ie6yu5snqhdq7/mrAYJa', 1, 'prenom.nom@email.com', '00000000', 2, 1),
(156, 'Anthony', 'LOCHET', 'anthony.lochet', '$2y$10$8V5fvZHrUz3byoZ7PLR31.BYBEVFLiao3Ie6yu5snqhdq7/mrAYJa', 1, 'prenom.nom@email.com', '00000000', 2, 2),
(157, 'Adrien', 'QUENNESSEN', 'adrien.quennessen', '$2y$10$8V5fvZHrUz3byoZ7PLR31.BYBEVFLiao3Ie6yu5snqhdq7/mrAYJa', 1, 'prenom.nom@email.com', '00000000', 2, 2),
(158, 'Jérémy', 'Delaruyelle', '21307963', '$2y$10$8V5fvZHrUz3byoZ7PLR31.BYBEVFLiao3Ie6yu5snqhdq7/mrAYJa', 1, 'prenom.nom@email.com', '00000000', 2, 1),
(159, 'Joris', 'CABRITO', 'JorisCabrito', '$2y$10$8V5fvZHrUz3byoZ7PLR31.BYBEVFLiao3Ie6yu5snqhdq7/mrAYJa', 1, 'prenom.nom@email.com', '00000000', 2, 1),
(160, 'Maxime', 'Gilardi', 'maxime.gilardi', '$2y$10$8V5fvZHrUz3byoZ7PLR31.BYBEVFLiao3Ie6yu5snqhdq7/mrAYJa', 1, 'prenom.nom@email.com', '00000000', 2, 3),
(161, 'Thomas', 'Duport', 'duportt', '$2y$10$8V5fvZHrUz3byoZ7PLR31.BYBEVFLiao3Ie6yu5snqhdq7/mrAYJa', 1, 'prenom.nom@email.com', '00000000', 2, 3),
(162, 'Khalil', 'Benihoud', 'kbenihoud', '$2y$10$8V5fvZHrUz3byoZ7PLR31.BYBEVFLiao3Ie6yu5snqhdq7/mrAYJa', 1, 'prenom.nom@email.com', '00000000', 2, 1),
(163, 'Valentin', 'CZERYBA', 'v4l3n71n', '$2y$10$8V5fvZHrUz3byoZ7PLR31.BYBEVFLiao3Ie6yu5snqhdq7/mrAYJa', 1, 'prenom.nom@email.com', '00000000', 2, 5),
(165, 'Jocelyn', 'NOURTIER', 'jocelyn.nourtier', '$2y$10$8V5fvZHrUz3byoZ7PLR31.BYBEVFLiao3Ie6yu5snqhdq7/mrAYJa', 1, 'prenom.nom@email.com', '00000000', 2, 1),
(166, 'justin', 'taleux', 'tuljas', '$2y$10$8V5fvZHrUz3byoZ7PLR31.BYBEVFLiao3Ie6yu5snqhdq7/mrAYJa', 1, 'prenom.nom@email.com', '00000000', 2, 2),
(167, 'Nicolas', 'DELPECH', 'd21207605', '$2y$10$8V5fvZHrUz3byoZ7PLR31.BYBEVFLiao3Ie6yu5snqhdq7/mrAYJa', 1, 'prenom.nom@email.com', '00000000', 2, 3),
(168, 'Thibault', 'Vatin', 'thibault.vatin', '$2y$10$8V5fvZHrUz3byoZ7PLR31.BYBEVFLiao3Ie6yu5snqhdq7/mrAYJa', 1, 'prenom.nom@email.com', '00000000', 2, 5),
(169, 'Antoine', 'GRICOURT', 'gricourtantoine', '$2y$10$8V5fvZHrUz3byoZ7PLR31.BYBEVFLiao3Ie6yu5snqhdq7/mrAYJa', 1, 'prenom.nom@email.com', '00000000', 2, 7),
(170, 'Nicolas', 'Dupont', '21405200', '$2y$10$8V5fvZHrUz3byoZ7PLR31.BYBEVFLiao3Ie6yu5snqhdq7/mrAYJa', 1, 'prenom.nom@email.com', '00000000', 2, 1),
(171, 'Mathieu', 'Orma', 'math2031', '$2y$10$8V5fvZHrUz3byoZ7PLR31.BYBEVFLiao3Ie6yu5snqhdq7/mrAYJa', 1, 'prenom.nom@email.com', '00000000', 2, 1),
(172, 'martin', 'duquesne ', 'martinduquesne', '$2y$10$8V5fvZHrUz3byoZ7PLR31.BYBEVFLiao3Ie6yu5snqhdq7/mrAYJa', 1, 'prenom.nom@email.com', '00000000', 2, 1),
(173, 'Valentin', 'Audon', 'v.audon', '$2y$10$8V5fvZHrUz3byoZ7PLR31.BYBEVFLiao3Ie6yu5snqhdq7/mrAYJa', 1, 'prenom.nom@email.com', '00000000', 2, 7),
(174, 'Julien', 'Hemery', 'Julien.Hemery', '$2y$10$8V5fvZHrUz3byoZ7PLR31.BYBEVFLiao3Ie6yu5snqhdq7/mrAYJa', 1, 'prenom.nom@email.com', '00000000', 2, 1),
(175, 'Thibaut', 'Selingue', 's21305552', '$2y$10$8V5fvZHrUz3byoZ7PLR31.BYBEVFLiao3Ie6yu5snqhdq7/mrAYJa', 1, 'prenom.nom@email.com', '00000000', 2, 3),
(176, 'Benjamin', 'Clabault', 'benjamin_clabault', '$2y$10$8V5fvZHrUz3byoZ7PLR31.BYBEVFLiao3Ie6yu5snqhdq7/mrAYJa', 1, 'prenom.nom@email.com', '00000000', 2, 1),
(177, 'yasser', 'ouzehimi', 'yasser', '$2y$10$8V5fvZHrUz3byoZ7PLR31.BYBEVFLiao3Ie6yu5snqhdq7/mrAYJa', 1, 'prenom.nom@email.com', '00000000', 2, 8),
(178, 'Maxime', 'Rose', 'maxime.rose', '$2y$10$8V5fvZHrUz3byoZ7PLR31.BYBEVFLiao3Ie6yu5snqhdq7/mrAYJa', 1, 'prenom.nom@email.com', '00000000', 2, 1),
(179, 'kevin', 'schmitt', 'kevin', '$2y$10$8V5fvZHrUz3byoZ7PLR31.BYBEVFLiao3Ie6yu5snqhdq7/mrAYJa', 1, 'prenom.nom@email.com', '00000000', 2, 2),
(180, 'Marie Grâce', 'NIYIGENA', 'nmg', '$2y$10$8V5fvZHrUz3byoZ7PLR31.BYBEVFLiao3Ie6yu5snqhdq7/mrAYJa', 1, 'prenom.nom@email.com', '00000000', 2, 2),
(181, 'Yoan', 'Castellani', 'LazyYo', '$2y$10$8V5fvZHrUz3byoZ7PLR31.BYBEVFLiao3Ie6yu5snqhdq7/mrAYJa', 1, 'prenom.nom@email.com', '00000000', 2, 2),
(182, 'Valentin', 'Monchau', 'vmonchau', '$2y$10$8V5fvZHrUz3byoZ7PLR31.BYBEVFLiao3Ie6yu5snqhdq7/mrAYJa', 1, 'prenom.nom@email.com', '00000000', 2, 3),
(183, 'Dylan', 'BONTEMPS', 'dylan.bontemps', '$2y$10$8V5fvZHrUz3byoZ7PLR31.BYBEVFLiao3Ie6yu5snqhdq7/mrAYJa', 1, 'prenom.nom@email.com', '00000000', 2, 5),
(184, 'Minh Anh', 'Nguyen', 'minhanh_miage', '$2y$10$8V5fvZHrUz3byoZ7PLR31.BYBEVFLiao3Ie6yu5snqhdq7/mrAYJa', 1, 'prenom.nom@email.com', '00000000', 2, 3),
(185, 'vincent', 'delhorbe', 'vincentdelhorbe', '$2y$10$8V5fvZHrUz3byoZ7PLR31.BYBEVFLiao3Ie6yu5snqhdq7/mrAYJa', 1, 'prenom.nom@email.com', '00000000', 2, 2),
(186, 'Jordan', 'Desmarest', 'Jordan.desmarest', '$2y$10$8V5fvZHrUz3byoZ7PLR31.BYBEVFLiao3Ie6yu5snqhdq7/mrAYJa', 1, 'prenom.nom@email.com', '00000000', 2, 1),
(187, 'Maxime', 'Dagmey', 'maxime.dagmey', '$2y$10$8V5fvZHrUz3byoZ7PLR31.BYBEVFLiao3Ie6yu5snqhdq7/mrAYJa', 1, 'prenom.nom@email.com', '00000000', 2, 1),
(188, 'Fabrice', 'Flamant', 'Flamfa', '$2y$10$8V5fvZHrUz3byoZ7PLR31.BYBEVFLiao3Ie6yu5snqhdq7/mrAYJa', 1, 'prenom.nom@email.com', '00000000', 2, 8),
(189, 'Asad', 'KHAN', 'k21207719', '$2y$10$8V5fvZHrUz3byoZ7PLR31.BYBEVFLiao3Ie6yu5snqhdq7/mrAYJa', 1, 'prenom.nom@email.com', '00000000', 2, 1),
(190, 'Youssef', 'MOUTTAQUI', 'mouttaqui.y', '$2y$10$8V5fvZHrUz3byoZ7PLR31.BYBEVFLiao3Ie6yu5snqhdq7/mrAYJa', 1, 'prenom.nom@email.com', '00000000', 2, 1),
(191, 'yasser', 'ouzehimi', 'yasserOSIE', '$2y$10$8V5fvZHrUz3byoZ7PLR31.BYBEVFLiao3Ie6yu5snqhdq7/mrAYJa', 1, 'prenom.nom@email.com', '00000000', 2, 2),
(192, 'Ben Freddy', 'da SILVEIRA', 'benny', '$2y$10$8V5fvZHrUz3byoZ7PLR31.BYBEVFLiao3Ie6yu5snqhdq7/mrAYJa', 1, 'prenom.nom@email.com', '00000000', 2, 1),
(193, 'BOUDJERIDA', 'Zakaria', 'BOUDJERIDA.Zakaria', '$2y$10$8V5fvZHrUz3byoZ7PLR31.BYBEVFLiao3Ie6yu5snqhdq7/mrAYJa', 1, 'prenom.nom@email.com', '00000000', 2, 8),
(194, 'Benjamin', 'Lenglet', 'l21303858', '$2y$10$8V5fvZHrUz3byoZ7PLR31.BYBEVFLiao3Ie6yu5snqhdq7/mrAYJa', 1, 'prenom.nom@email.com', '00000000', 2, 4),
(195, 'François', 'DEBRY', 'francois.debry', '$2y$10$8V5fvZHrUz3byoZ7PLR31.BYBEVFLiao3Ie6yu5snqhdq7/mrAYJa', 1, 'prenom.nom@email.com', '00000000', 2, 1),
(196, 'Dalilath ', 'YAYA', 'Daly', '$2y$10$8V5fvZHrUz3byoZ7PLR31.BYBEVFLiao3Ie6yu5snqhdq7/mrAYJa', 1, 'prenom.nom@email.com', '00000000', 2, 2),
(197, 'abdelaziz', 'ouenza', 'ouenza', '$2y$10$8V5fvZHrUz3byoZ7PLR31.BYBEVFLiao3Ie6yu5snqhdq7/mrAYJa', 1, 'prenom.nom@email.com', '00000000', 2, 1),
(198, 'karima', 'OUSSALAH', 'karima', '$2y$10$8V5fvZHrUz3byoZ7PLR31.BYBEVFLiao3Ie6yu5snqhdq7/mrAYJa', 1, 'prenom.nom@email.com', '00000000', 2, 8),
(199, 'Bertrand', 'CLOSSET', 'bclosset', '$2y$10$8V5fvZHrUz3byoZ7PLR31.BYBEVFLiao3Ie6yu5snqhdq7/mrAYJa', 1, 'prenom.nom@email.com', '00000000', 2, 3),
(200, 'julien', 'Houbart', 'houbartjulien', '$2y$10$8V5fvZHrUz3byoZ7PLR31.BYBEVFLiao3Ie6yu5snqhdq7/mrAYJa', 1, 'prenom.nom@email.com', '00000000', 2, 1),
(201, 'Nassim', 'hadji', 'nassim.hadji', '$2y$10$8V5fvZHrUz3byoZ7PLR31.BYBEVFLiao3Ie6yu5snqhdq7/mrAYJa', 1, 'prenom.nom@email.com', '00000000', 2, 5),
(202, 'ESTELLE', 'IMMERY', 'immeryestelle', '$2y$10$8V5fvZHrUz3byoZ7PLR31.BYBEVFLiao3Ie6yu5snqhdq7/mrAYJa', 1, 'prenom.nom@email.com', '00000000', 2, 1),
(203, 'Alexandre', 'Faria', 'afaria', '$2y$10$8V5fvZHrUz3byoZ7PLR31.BYBEVFLiao3Ie6yu5snqhdq7/mrAYJa', 1, 'prenom.nom@email.com', '00000000', 2, 1),
(204, 'Marc', 'THAO', 'marcthao', '$2y$10$8V5fvZHrUz3byoZ7PLR31.BYBEVFLiao3Ie6yu5snqhdq7/mrAYJa', 1, 'prenom.nom@email.com', '00000000', 2, 1),
(205, 'Rémi', 'Ghesquiere', 'rghesqui', '$2y$10$8V5fvZHrUz3byoZ7PLR31.BYBEVFLiao3Ie6yu5snqhdq7/mrAYJa', 1, 'prenom.nom@email.com', '00000000', 2, 4),
(206, 'Othmane', 'ALLAOUI', 'othmane.allaoui', '$2y$10$8V5fvZHrUz3byoZ7PLR31.BYBEVFLiao3Ie6yu5snqhdq7/mrAYJa', 1, 'prenom.nom@email.com', '00000000', 2, 1),
(207, 'saad', 'AZAROUAL', 'saad.azaroual', '$2y$10$8V5fvZHrUz3byoZ7PLR31.BYBEVFLiao3Ie6yu5snqhdq7/mrAYJa', 1, 'prenom.nom@email.com', '00000000', 2, 1),
(208, 'Maroua', 'El Moutribi', '21307535', '$2y$10$8V5fvZHrUz3byoZ7PLR31.BYBEVFLiao3Ie6yu5snqhdq7/mrAYJa', 1, 'prenom.nom@email.com', '00000000', 2, 2),
(209, 'Monika', 'Trimoska', 't21210022', '$2y$10$8V5fvZHrUz3byoZ7PLR31.BYBEVFLiao3Ie6yu5snqhdq7/mrAYJa', 1, 'prenom.nom@email.com', '00000000', 2, 5),
(210, 'Matthieu', 'Delacroix', '21102053', '$2y$10$8V5fvZHrUz3byoZ7PLR31.BYBEVFLiao3Ie6yu5snqhdq7/mrAYJa', 1, 'prenom.nom@email.com', '00000000', 2, 3),
(211, 'Fabien', 'poisson', 'fabpoi', '$2y$10$8V5fvZHrUz3byoZ7PLR31.BYBEVFLiao3Ie6yu5snqhdq7/mrAYJa', 1, 'prenom.nom@email.com', '00000000', 2, 5),
(212, 'Antonin', 'DAMERVAL', 'antonin.damerval', '$2y$10$8V5fvZHrUz3byoZ7PLR31.BYBEVFLiao3Ie6yu5snqhdq7/mrAYJa', 1, 'prenom.nom@email.com', '00000000', 2, 1),
(213, 'Meryem', 'Fourkane', '21506770', '$2y$10$8V5fvZHrUz3byoZ7PLR31.BYBEVFLiao3Ie6yu5snqhdq7/mrAYJa', 1, 'prenom.nom@email.com', '00000000', 2, 1),
(214, 'Moussa', 'TRAORE', 'Mousse', '$2y$10$8V5fvZHrUz3byoZ7PLR31.BYBEVFLiao3Ie6yu5snqhdq7/mrAYJa', 1, 'prenom.nom@email.com', '00000000', 2, 2),
(215, 'Anis', 'Chelly', 'AnisChelly', '$2y$10$8V5fvZHrUz3byoZ7PLR31.BYBEVFLiao3Ie6yu5snqhdq7/mrAYJa', 1, 'prenom.nom@email.com', '00000000', 2, 2),
(216, 'Jérémy', 'Gicquel', 'G21408772', '$2y$10$8V5fvZHrUz3byoZ7PLR31.BYBEVFLiao3Ie6yu5snqhdq7/mrAYJa', 1, 'prenom.nom@email.com', '00000000', 2, 1),
(217, 'Logan', 'Laguillier', 'laguillierlogan', '$2y$10$8V5fvZHrUz3byoZ7PLR31.BYBEVFLiao3Ie6yu5snqhdq7/mrAYJa', 1, 'prenom.nom@email.com', '00000000', 2, 1),
(218, 'Mohammed', 'Arradi Alaoui', 'Mo.arral', '$2y$10$8V5fvZHrUz3byoZ7PLR31.BYBEVFLiao3Ie6yu5snqhdq7/mrAYJa', 1, 'prenom.nom@email.com', '00000000', 2, 1),
(219, 'samy', 'AMOR', 'samiamor2015', '$2y$10$8V5fvZHrUz3byoZ7PLR31.BYBEVFLiao3Ie6yu5snqhdq7/mrAYJa', 1, 'prenom.nom@email.com', '00000000', 2, 2),
(221, 'Youssef', 'LEMNIAI', 'yousseflem', '$2y$10$8V5fvZHrUz3byoZ7PLR31.BYBEVFLiao3Ie6yu5snqhdq7/mrAYJa', 1, 'prenom.nom@email.com', '00000000', 2, 2),
(222, 'Maxime', 'Fournier', 'maxime.fournier', '$2y$10$8V5fvZHrUz3byoZ7PLR31.BYBEVFLiao3Ie6yu5snqhdq7/mrAYJa', 1, 'prenom.nom@email.com', '00000000', 2, 3),
(223, 'Nicholas', 'Melinger', 'nicholas.melinger', '$2y$10$8V5fvZHrUz3byoZ7PLR31.BYBEVFLiao3Ie6yu5snqhdq7/mrAYJa', 1, 'prenom.nom@email.com', '00000000', 2, 1),
(224, 'Cynthia', 'VOIDIES', 'C_VOIDIES', '$2y$10$8V5fvZHrUz3byoZ7PLR31.BYBEVFLiao3Ie6yu5snqhdq7/mrAYJa', 1, 'prenom.nom@email.com', '00000000', 2, 2),
(225, 'KOUADIO', 'N''Goran Alexis', 'Alexis', '$2y$10$8V5fvZHrUz3byoZ7PLR31.BYBEVFLiao3Ie6yu5snqhdq7/mrAYJa', 1, 'prenom.nom@email.com', '00000000', 2, 8),
(226, 'Mohamed Amine', 'Gani', '21405838', '$2y$10$8V5fvZHrUz3byoZ7PLR31.BYBEVFLiao3Ie6yu5snqhdq7/mrAYJa', 1, 'prenom.nom@email.com', '00000000', 2, 1),
(227, 'Antoine', 'Sandoval', '21000553', '$2y$10$8V5fvZHrUz3byoZ7PLR31.BYBEVFLiao3Ie6yu5snqhdq7/mrAYJa', 1, 'prenom.nom@email.com', '00000000', 2, 3),
(229, 'Roman', 'Sauvé', 's21002389', '$2y$10$8V5fvZHrUz3byoZ7PLR31.BYBEVFLiao3Ie6yu5snqhdq7/mrAYJa', 1, 'prenom.nom@email.com', '00000000', 2, 3),
(230, 'Valérian', 'Vasseur', 'Valérian', '$2y$10$8V5fvZHrUz3byoZ7PLR31.BYBEVFLiao3Ie6yu5snqhdq7/mrAYJa', 1, 'prenom.nom@email.com', '00000000', 2, 3),
(231, 'mohamed ayyoub', 'azzimani', 'a21405733', '$2y$10$8V5fvZHrUz3byoZ7PLR31.BYBEVFLiao3Ie6yu5snqhdq7/mrAYJa', 1, 'prenom.nom@email.com', '00000000', 2, 1),
(232, 'Anthony', 'Zadikian', 'anthony.zadikian', '$2y$10$8V5fvZHrUz3byoZ7PLR31.BYBEVFLiao3Ie6yu5snqhdq7/mrAYJa', 1, 'prenom.nom@email.com', '00000000', 2, 5),
(234, 'yassine', 'jaber', '21209611', '$2y$10$8V5fvZHrUz3byoZ7PLR31.BYBEVFLiao3Ie6yu5snqhdq7/mrAYJa', 1, 'prenom.nom@email.com', '00000000', 2, 4),
(236, 'Ouissale', 'Bouzakraoui', 'Wissal', '$2y$10$8V5fvZHrUz3byoZ7PLR31.BYBEVFLiao3Ie6yu5snqhdq7/mrAYJa', 1, 'prenom.nom@email.com', '00000000', 2, 5),
(237, 'Théo', 'Baudesson', 'b21106532', '$2y$10$8V5fvZHrUz3byoZ7PLR31.BYBEVFLiao3Ie6yu5snqhdq7/mrAYJa', 1, 'prenom.nom@email.com', '00000000', 2, 5),
(239, 'Benjamin', 'Andrieux', 'benjamin.andrieux', '$2y$10$8V5fvZHrUz3byoZ7PLR31.BYBEVFLiao3Ie6yu5snqhdq7/mrAYJa', 1, 'prenom.nom@email.com', '00000000', 2, 3),
(240, 'kevin', 'bouchez', '21106788', '$2y$10$8V5fvZHrUz3byoZ7PLR31.BYBEVFLiao3Ie6yu5snqhdq7/mrAYJa', 1, 'prenom.nom@email.com', '00000000', 2, 5),
(241, 'Jonathan', 'Perennes', '20504418', '$2y$10$8V5fvZHrUz3byoZ7PLR31.BYBEVFLiao3Ie6yu5snqhdq7/mrAYJa', 1, 'prenom.nom@email.com', '00000000', 2, 1),
(242, 'Sebastien', 'Hagard', 'h21205512', '$2y$10$8V5fvZHrUz3byoZ7PLR31.BYBEVFLiao3Ie6yu5snqhdq7/mrAYJa', 1, 'prenom.nom@email.com', '00000000', 2, 5),
(243, 'LATIFA', 'OUMOUSS', '652636456', '$2y$10$8V5fvZHrUz3byoZ7PLR31.BYBEVFLiao3Ie6yu5snqhdq7/mrAYJa', 1, 'prenom.nom@email.com', '00000000', 2, 2),
(244, 'Anass', 'BENBRAHIM', 'anass.benbrahim', '$2y$10$8V5fvZHrUz3byoZ7PLR31.BYBEVFLiao3Ie6yu5snqhdq7/mrAYJa', 1, 'prenom.nom@email.com', '00000000', 2, 5),
(245, 'salma', 'elkhanfari', 'salma.elkhanfari', '$2y$10$8V5fvZHrUz3byoZ7PLR31.BYBEVFLiao3Ie6yu5snqhdq7/mrAYJa', 1, 'prenom.nom@email.com', '00000000', 2, 1),
(246, 'Anas', 'LEBBAR', 'anas', '$2y$10$8V5fvZHrUz3byoZ7PLR31.BYBEVFLiao3Ie6yu5snqhdq7/mrAYJa', 1, 'prenom.nom@email.com', '00000000', 2, 4),
(248, 'Florian', 'Lephore', 'florian', '$2y$10$8V5fvZHrUz3byoZ7PLR31.BYBEVFLiao3Ie6yu5snqhdq7/mrAYJa', 1, 'prenom.nom@email.com', '00000000', 2, 7),
(249, 'Thomas', 'Gobin', 'tgobin', '$2y$10$8V5fvZHrUz3byoZ7PLR31.BYBEVFLiao3Ie6yu5snqhdq7/mrAYJa', 1, 'prenom.nom@email.com', '00000000', 2, 3),
(250, 'Alexandre', 'Galais', 'AlexandreG', '$2y$10$8V5fvZHrUz3byoZ7PLR31.BYBEVFLiao3Ie6yu5snqhdq7/mrAYJa', 1, 'prenom.nom@email.com', '00000000', 2, 8),
(251, 'Alexandre', 'Genecque', 'alexandre.genecque', '$2y$10$8V5fvZHrUz3byoZ7PLR31.BYBEVFLiao3Ie6yu5snqhdq7/mrAYJa', 1, 'prenom.nom@email.com', '00000000', 2, 2),
(252, 'Samuel ', 'Guet ', 'guets', '$2y$10$8V5fvZHrUz3byoZ7PLR31.BYBEVFLiao3Ie6yu5snqhdq7/mrAYJa', 1, 'prenom.nom@email.com', '00000000', 2, 2),
(253, 'Yasmine', 'Yousfi', 'Yasmine Y', '$2y$10$8V5fvZHrUz3byoZ7PLR31.BYBEVFLiao3Ie6yu5snqhdq7/mrAYJa', 1, 'prenom.nom@email.com', '00000000', 2, 7),
(254, 'Norberto', 'DE PAULA MONTEIRO', 'beber', '$2y$10$8V5fvZHrUz3byoZ7PLR31.BYBEVFLiao3Ie6yu5snqhdq7/mrAYJa', 1, 'prenom.nom@email.com', '00000000', 2, 5),
(255, 'Latifa', 'Oumouss', '0652636456', '$2y$10$8V5fvZHrUz3byoZ7PLR31.BYBEVFLiao3Ie6yu5snqhdq7/mrAYJa', 1, 'prenom.nom@email.com', '00000000', 2, 8),
(257, 'THI THU HUONG', 'VUONG', 'HuongVUONG', '$2y$10$8V5fvZHrUz3byoZ7PLR31.BYBEVFLiao3Ie6yu5snqhdq7/mrAYJa', 1, 'prenom.nom@email.com', '00000000', 2, 1),
(258, 'Ismail', 'Anouar', 'ismael.anouar', '$2y$10$8V5fvZHrUz3byoZ7PLR31.BYBEVFLiao3Ie6yu5snqhdq7/mrAYJa', 1, 'prenom.nom@email.com', '00000000', 2, 1),
(259, 'David', 'Basso', 'David.Basso', '$2y$10$8V5fvZHrUz3byoZ7PLR31.BYBEVFLiao3Ie6yu5snqhdq7/mrAYJa', 1, 'prenom.nom@email.com', '00000000', 2, 1),
(260, 'Max', 'ANATO', 'manato', '$2y$10$8V5fvZHrUz3byoZ7PLR31.BYBEVFLiao3Ie6yu5snqhdq7/mrAYJa', 1, 'prenom.nom@email.com', '00000000', 2, 2),
(261, 'Sylvain', 'DAVID', 'sdavid', '$2y$10$8V5fvZHrUz3byoZ7PLR31.BYBEVFLiao3Ie6yu5snqhdq7/mrAYJa', 1, 'prenom.nom@email.com', '00000000', 2, 7),
(262, 'HONGWEI', 'ZHAO', 'z21106244', '$2y$10$8V5fvZHrUz3byoZ7PLR31.BYBEVFLiao3Ie6yu5snqhdq7/mrAYJa', 1, 'prenom.nom@email.com', '00000000', 2, 7),
(263, 'taoufik', 'mohamed', 'taoufik', '$2y$10$8V5fvZHrUz3byoZ7PLR31.BYBEVFLiao3Ie6yu5snqhdq7/mrAYJa', 1, 'prenom.nom@email.com', '00000000', 2, 2),
(264, 'Anthony', 'Clerget', 'Canguilhem', '$2y$10$8V5fvZHrUz3byoZ7PLR31.BYBEVFLiao3Ie6yu5snqhdq7/mrAYJa', 1, 'prenom.nom@email.com', '00000000', 2, 7),
(265, 'Théo', 'Lardeur', 'TheoLardeur', '$2y$10$8V5fvZHrUz3byoZ7PLR31.BYBEVFLiao3Ie6yu5snqhdq7/mrAYJa', 1, 'prenom.nom@email.com', '00000000', 2, 7),
(266, 'KAHINA', 'IBERRAKEN', 'kahina.iberraken', '$2y$10$8V5fvZHrUz3byoZ7PLR31.BYBEVFLiao3Ie6yu5snqhdq7/mrAYJa', 1, 'prenom.nom@email.com', '00000000', 2, 7),
(268, 'David', 'Régnier', 'r21200360', '$2y$10$8V5fvZHrUz3byoZ7PLR31.BYBEVFLiao3Ie6yu5snqhdq7/mrAYJa', 1, 'prenom.nom@email.com', '00000000', 2, 5),
(269, 'Claude', 'Juston', 'pti_yoda', '$2y$10$8V5fvZHrUz3byoZ7PLR31.BYBEVFLiao3Ie6yu5snqhdq7/mrAYJa', 1, 'prenom.nom@email.com', '00000000', 2, 5),
(270, 'Julien', 'Gamand', 'Julien.gamand', '$2y$10$8V5fvZHrUz3byoZ7PLR31.BYBEVFLiao3Ie6yu5snqhdq7/mrAYJa', 1, 'prenom.nom@email.com', '00000000', 2, 7),
(272, 'Amir', 'Jeddi', 'Amir91', '$2y$10$8V5fvZHrUz3byoZ7PLR31.BYBEVFLiao3Ie6yu5snqhdq7/mrAYJa', 1, 'prenom.nom@email.com', '00000000', 2, 7),
(274, 'Clément', 'Pierrard', '21200654', '$2y$10$8V5fvZHrUz3byoZ7PLR31.BYBEVFLiao3Ie6yu5snqhdq7/mrAYJa', 1, 'prenom.nom@email.com', '00000000', 2, 5),
(275, 'Yvon', 'Legrand', 'YvonLegrand', '$2y$10$8V5fvZHrUz3byoZ7PLR31.BYBEVFLiao3Ie6yu5snqhdq7/mrAYJa', 1, 'prenom.nom@email.com', '00000000', 2, 1),
(277, 'Simon', 'CAILLARD', 'SimC', '$2y$10$8V5fvZHrUz3byoZ7PLR31.BYBEVFLiao3Ie6yu5snqhdq7/mrAYJa', 1, 'prenom.nom@email.com', '00000000', 2, 5),
(278, 'samod ', 'elmi samod', 'samodelmi', '$2y$10$8V5fvZHrUz3byoZ7PLR31.BYBEVFLiao3Ie6yu5snqhdq7/mrAYJa', 1, 'prenom.nom@email.com', '00000000', 2, 1),
(279, 'Mohamed', 'EL KHALIDY', 'Falcon', '$2y$10$8V5fvZHrUz3byoZ7PLR31.BYBEVFLiao3Ie6yu5snqhdq7/mrAYJa', 1, 'prenom.nom@email.com', '00000000', 2, 7),
(280, 'Anas', 'anwar', 'Anas.anwar', '$2y$10$8V5fvZHrUz3byoZ7PLR31.BYBEVFLiao3Ie6yu5snqhdq7/mrAYJa', 1, 'prenom.nom@email.com', '00000000', 2, 1),
(281, 'Loubna', 'Imrani', 'Loubna', '$2y$10$8V5fvZHrUz3byoZ7PLR31.BYBEVFLiao3Ie6yu5snqhdq7/mrAYJa', 1, 'prenom.nom@email.com', '00000000', 2, 7),
(282, 'Riad', 'CHERIGUI', 'RCherigui', '$2y$10$8V5fvZHrUz3byoZ7PLR31.BYBEVFLiao3Ie6yu5snqhdq7/mrAYJa', 1, 'prenom.nom@email.com', '00000000', 2, 5),
(283, 'Cyprien', 'Griot', 'Cyp', '$2y$10$8V5fvZHrUz3byoZ7PLR31.BYBEVFLiao3Ie6yu5snqhdq7/mrAYJa', 1, 'prenom.nom@email.com', '00000000', 2, 5),
(285, 'Michel', 'Batton', '21303908', '$2y$10$8V5fvZHrUz3byoZ7PLR31.BYBEVFLiao3Ie6yu5snqhdq7/mrAYJa', 1, 'prenom.nom@email.com', '00000000', 2, 5),
(286, 'Abderrahmane', 'BENYOUB', 'benyoub', '$2y$10$8V5fvZHrUz3byoZ7PLR31.BYBEVFLiao3Ie6yu5snqhdq7/mrAYJa', 1, 'prenom.nom@email.com', '00000000', 2, 5),
(287, 'chahrazad', 'boualdja', '21108804', '$2y$10$8V5fvZHrUz3byoZ7PLR31.BYBEVFLiao3Ie6yu5snqhdq7/mrAYJa', 1, 'prenom.nom@email.com', '00000000', 2, 8),
(290, 'Julien', 'Dubois', 'Julien', '$2y$10$8V5fvZHrUz3byoZ7PLR31.BYBEVFLiao3Ie6yu5snqhdq7/mrAYJa', 1, 'prenom.nom@email.com', '00000000', 2, 5),
(291, 'Nathan', 'LAURENT', 'l21001834', '$2y$10$8V5fvZHrUz3byoZ7PLR31.BYBEVFLiao3Ie6yu5snqhdq7/mrAYJa', 1, 'prenom.nom@email.com', '00000000', 2, 1),
(292, 'Kassim', 'Moussa Ali', 'simsak116', '$2y$10$8V5fvZHrUz3byoZ7PLR31.BYBEVFLiao3Ie6yu5snqhdq7/mrAYJa', 1, 'prenom.nom@email.com', '00000000', 2, 5),
(293, 'Alexandre', 'BOITEL', 'aboitelM1', '$2y$10$8V5fvZHrUz3byoZ7PLR31.BYBEVFLiao3Ie6yu5snqhdq7/mrAYJa', 1, 'prenom.nom@email.com', '00000000', 2, 1),
(294, 'Romain', 'Sénéchal', 'glcx', '$2y$10$8V5fvZHrUz3byoZ7PLR31.BYBEVFLiao3Ie6yu5snqhdq7/mrAYJa', 1, 'prenom.nom@email.com', '00000000', 2, 5),
(295, 'Abderrahmane', 'Benyoub', 'benyoub1', '$2y$10$8V5fvZHrUz3byoZ7PLR31.BYBEVFLiao3Ie6yu5snqhdq7/mrAYJa', 1, 'prenom.nom@email.com', '00000000', 2, 5),
(296, 'Hélène', 'Lessieux', '21205985', '$2y$10$8V5fvZHrUz3byoZ7PLR31.BYBEVFLiao3Ie6yu5snqhdq7/mrAYJa', 1, 'prenom.nom@email.com', '00000000', 2, 5),
(297, 'fardoussa', 'omar ismail', '21507720', '$2y$10$8V5fvZHrUz3byoZ7PLR31.BYBEVFLiao3Ie6yu5snqhdq7/mrAYJa', 1, 'prenom.nom@email.com', '00000000', 2, 5),
(298, 'Kalilou', 'BERTHE', 'kalilou', '$2y$10$8V5fvZHrUz3byoZ7PLR31.BYBEVFLiao3Ie6yu5snqhdq7/mrAYJa', 1, 'prenom.nom@email.com', '00000000', 2, 5),
(299, 'Nathan', 'LAURENT', 'nathan.laurent', '$2y$10$8V5fvZHrUz3byoZ7PLR31.BYBEVFLiao3Ie6yu5snqhdq7/mrAYJa', 1, 'prenom.nom@email.com', '00000000', 2, 5),
(300, 'Adnane', 'Derkaoui', 'adnane.derkaoui', '$2y$10$8V5fvZHrUz3byoZ7PLR31.BYBEVFLiao3Ie6yu5snqhdq7/mrAYJa', 1, 'prenom.nom@email.com', '00000000', 2, 1),
(301, 'Abdessatar', 'Ben khedhra', 'abdessatar.benkhedhra', '$2y$10$8V5fvZHrUz3byoZ7PLR31.BYBEVFLiao3Ie6yu5snqhdq7/mrAYJa', 1, 'prenom.nom@email.com', '00000000', 2, 5),
(302, 'clement', 'certain', 'Certain.clement', '$2y$10$8V5fvZHrUz3byoZ7PLR31.BYBEVFLiao3Ie6yu5snqhdq7/mrAYJa', 0, 'prenom.nom@email.com', '00000000', 2, 6),
(303, 'Amira', 'Bettih', 'b21508558', '$2y$10$8V5fvZHrUz3byoZ7PLR31.BYBEVFLiao3Ie6yu5snqhdq7/mrAYJa', 1, 'prenom.nom@email.com', '00000000', 2, 8);

/*!40101 SET CHARACTER_SET_CLIENT=@OLD_CHARACTER_SET_CLIENT */;
/*!40101 SET CHARACTER_SET_RESULTS=@OLD_CHARACTER_SET_RESULTS */;
/*!40101 SET COLLATION_CONNECTION=@OLD_COLLATION_CONNECTION */;
